{
  "length": {
    "yottameter": 1e+24,
    "zettameter": 1e+21,
    "exameter": 1e+18,
    "petameter": 1000000000000000.0,
    "terameter": 1000000000000.0,
    "gigameter": 1000000000.0,
    "megameter": 1000000.0,
    "kilometer": 1000.0,
    "hectometer": 100.0,
    "decameter": 10.0,
    "meter": 1,
    "decimeter": 0.1,
    "centimeter": 0.01,
    "millimeter": 0.001,
    "micrometer": 1e-06,
    "nanometer": 1e-09,
    "picometer": 1e-12,
    "femtometer": 1e-15,
    "attometer": 1e-18,
    "yottainch": 2.5399999999999998e+22,
    "zettainch": 2.54e+19,
    "exainch": 2.54e+16,
    "petainch": 25400000000000.0,
    "terainch": 25400000000.0,
    "gigainch": 25400000.0,
    "megainch": 25400.0,
    "kiloinch": 25.4,
    "hectoinch": 2.54,
    "decainch": 0.254,
    "inch": 0.0254,
    "deciinch": 0.00254,
    "centiinch": 0.000254,
    "milliinch": 2.54e-05,
    "microinch": 2.54e-08,
    "nanoinch": 2.54e-11,
    "picoinch": 2.5399999999999998e-14,
    "femtoinch": 2.54e-17,
    "attoinch": 2.54e-20,
    "yottafoot": 3.048e+23,
    "zettafoot": 3.048e+20,
    "exafoot": 3.048e+17,
    "petafoot": 304800000000000.0,
    "terafoot": 304800000000.0,
    "gigafoot": 304800000.0,
    "megafoot": 304800.0,
    "kilofoot": 304.8,
    "hectofoot": 30.48,
    "decafoot": 3.048,
    "foot": 0.3048,
    "decifoot": 0.030480000000000004,
    "centifoot": 0.0030480000000000004,
    "millifoot": 0.00030480000000000004,
    "microfoot": 3.048e-07,
    "nanofoot": 3.048e-10,
    "picofoot": 3.048e-13,
    "femtofoot": 3.0480000000000004e-16,
    "attofoot": 3.0480000000000006e-19,
    "yottayard": 9.144e+23,
    "zettayard": 9.144e+20,
    "exayard": 9.144e+17,
    "petayard": 914400000000000.0,
    "terayard": 914400000000.0,
    "gigayard": 914400000.0,
    "megayard": 914400.0,
    "kiloyard": 914.4,
    "hectoyard": 91.44,
    "decayard": 9.144,
    "yard": 0.9144,
    "deciyard": 0.09144000000000001,
    "centiyard": 0.009144,
    "milliyard": 0.0009144,
    "microyard": 9.144e-07,
    "nanoyard": 9.144000000000001e-10,
    "picoyard": 9.144e-13,
    "femtoyard": 9.144e-16,
    "attoyard": 9.144000000000001e-19,
    "yottamile": 1.609344e+27,
    "zettamile": 1.609344e+24,
    "examile": 1.609344e+21,
    "petamile": 1.609344e+18,
    "teramile": 1609344000000000.0,
    "gigamile": 1609344000000.0,
    "megamile": 1609344000.0,
    "kilomile": 1609344.0,
    "hectomile": 160934.4,
    "decamile": 16093.44,
    "mile": 1609.344,
    "decimile": 160.9344,
    "centimile": 16.09344,
    "millimile": 1.609344,
    "micromile": 0.001609344,
    "nanomile": 1.6093440000000001e-06,
    "picomile": 1.609344e-09,
    "femtomile": 1.6093440000000002e-12,
    "attomile": 1.6093440000000001e-15
  },
  "mass": {
    "yottagram": 1e+24,
    "zettagram": 1e+21,
    "exagram": 1e+18,
    "petagram": 1000000000000000.0,
    "teragram": 1000000000000.0,
    "gigagram": 1000000000.0,
    "megagram": 1000000.0,
    "kilogram": 1000.0,
    "hectogram": 100.0,
    "decagram": 10.0,
    "gram": 1,
    "decigram": 0.1,
    "centigram": 0.01,
    "milligram": 0.001,
    "microgram": 1e-06,
    "nanogram": 1e-09,
    "picogram": 1e-12,
    "femtogram": 1e-15,
    "attogram": 1e-18,
    "yottapound": 4.5359237e+26,
    "zettapound": 4.5359237e+23,
    "exapound": 4.5359237e+20,
    "petapound": 4.5359237e+17,
    "terapound": 453592370000000.0,
    "gigapound": 453592370000.0,
    "megapound": 453592370.0,
    "kilopound": 453592.37,
    "hectopound": 45359.237,
    "decapound": 4535.9237,
    "pound": 453.59237,
    "decipound": 45.35923700000001,
    "centipound": 4.535923700000001,
    "millipound": 0.45359237,
    "micropound": 0.00045359237,
    "nanopound": 4.5359237000000005e-07,
    "picopound": 4.5359237e-10,
    "femtopound": 4.5359237000000005e-13,
    "attopound": 4.5359237e-16,
    "yottaounce": 2.83495e+25,
    "zettaounce": 2.83495e+22,
    "exaounce": 2.83495e+19,
    "petaounce": 2.83495e+16,
    "teraounce": 28349500000000.0,
    "gigaounce": 28349500000.0,
    "megaounce": 28349500.0,
    "kiloounce": 28349.5,
    "hectoounce": 2834.95,
    "decaounce": 283.495,
    "ounce": 28.3495,
    "deciounce": 2.83495,
    "centiounce": 0.283495,
    "milliounce": 0.0283495,
    "microounce": 2.8349499999999997e-05,
    "nanoounce": 2.8349500000000002e-08,
    "picoounce": 2.83495e-11,
    "femtoounce": 2.8349500000000002e-14,
    "attoounce": 2.83495e-17,
    "yottaton": 1e+30,
    "zettaton": 1e+27,
    "exaton": 1e+24,
    "petaton": 1e+21,
    "teraton": 1e+18,
    "gigaton": 1000000000000000.0,
    "megaton": 1000000000000.0,
    "kiloton": 1000000000.0,
    "hectoton": 100000000.0,
    "decaton": 10000000.0,
    "ton": 1000000.0,
    "deciton": 100000.0,
    "centiton": 10000.0,
    "milliton": 1000.0,
    "microton": 1.0,
    "nanoton": 0.001,
    "picoton": 1e-06,
    "femtoton": 1e-09,
    "attoton": 1e-12
  },
  "time": {
    "yottasecond": 1e+24,
    "zettasecond": 1e+21,
    "exasecond": 1e+18,
    "petasecond": 1000000000000000.0,
    "terasecond": 1000000000000.0,
    "gigasecond": 1000000000.0,
    "megasecond": 1000000.0,
    "kilosecond": 1000.0,
    "hectosecond": 100.0,
    "decasecond": 10.0,
    "second": 1,
    "decisecond": 0.1,
    "centisecond": 0.01,
    "millisecond": 0.001,
    "microsecond": 1e-06,
    "nanosecond": 1e-09,
    "picosecond": 1e-12,
    "femtosecond": 1e-15,
    "attosecond": 1e-18,
    "yottaminute": 6e+25,
    "zettaminute": 6e+22,
    "examinute": 6e+19,
    "petaminute": 6e+16,
    "teraminute": 60000000000000.0,
    "gigaminute": 60000000000.0,
    "megaminute": 60000000.0,
    "kilominute": 60000.0,
    "hectominute": 6000.0,
    "decaminute": 600.0,
    "minute": 60,
    "deciminute": 6.0,
    "centiminute": 0.6,
    "milliminute": 0.06,
    "microminute": 5.9999999999999995e-05,
    "nanominute": 6.000000000000001e-08,
    "picominute": 6e-11,
    "femtominute": 6.000000000000001e-14,
    "attominute": 6e-17,
    "yottahour": 3.6e+27,
    "zettahour": 3.6e+24,
    "exahour": 3.6e+21,
    "petahour": 3.6e+18,
    "terahour": 3600000000000000.0,
    "gigahour": 3600000000000.0,
    "megahour": 3600000000.0,
    "kilohour": 3600000.0,
    "hectohour": 360000.0,
    "decahour": 36000.0,
    "hour": 3600,
    "decihour": 360.0,
    "centihour": 36.0,
    "millihour": 3.6,
    "microhour": 0.0036,
    "nanohour": 3.6000000000000003e-06,
    "picohour": 3.6e-09,
    "femtohour": 3.6000000000000004e-12,
    "attohour": 3.6e-15,
    "yottaday": 8.64e+28,
    "zettaday": 8.64e+25,
    "exaday": 8.64e+22,
    "petaday": 8.64e+19,
    "teraday": 8.64e+16,
    "gigaday": 86400000000000.0,
    "megaday": 86400000000.0,
    "kiloday": 86400000.0,
    "hectoday": 8640000.0,
    "decaday": 864000.0,
    "day": 86400,
    "deciday": 8640.0,
    "centiday": 864.0,
    "milliday": 86.4,
    "microday": 0.08639999999999999,
    "nanoday": 8.64e-05,
    "picoday": 8.639999999999999e-08,
    "femtoday": 8.640000000000001e-11,
    "attoday": 8.64e-14
  },
  "volume": {
    "yottaliter": 1e+24,
    "zettaliter": 1e+21,
    "exaliter": 1e+18,
    "petaliter": 1000000000000000.0,
    "teraliter": 1000000000000.0,
    "gigaliter": 1000000000.0,
    "megaliter": 1000000.0,
    "kiloliter": 1000.0,
    "hectoliter": 100.0,
    "decaliter": 10.0,
    "liter": 1,
    "deciliter": 0.1,
    "centiliter": 0.01,
    "milliliter": 0.001,
    "microliter": 1e-06,
    "nanoliter": 1e-09,
    "picoliter": 1e-12,
    "femtoliter": 1e-15,
    "attoliter": 1e-18,
    "yottagallon": 3.78541e+24,
    "zettagallon": 3.78541e+21,
    "exagallon": 3.78541e+18,
    "petagallon": 3785410000000000.0,
    "teragallon": 3785410000000.0,
    "gigagallon": 3785410000.0,
    "megagallon": 3785410.0,
    "kilogallon": 3785.4100000000003,
    "hectogallon": 378.541,
    "decagallon": 37.8541,
    "gallon": 3.78541,
    "decigallon": 0.378541,
    "centigallon": 0.0378541,
    "milligallon": 0.0037854100000000003,
    "microgallon": 3.78541e-06,